<?xml version="1.0" encoding="UTF-8"?>
<project-private xmlns="http://www.netbeans.org/ns/project-private/1">
    <editor-bookmarks xmlns="http://www.netbeans.org/ns/editor-bookmarks/2" lastBookmarkId="0"/>
    <open-files xmlns="http://www.netbeans.org/ns/projectui-open-files/2">
        <group>
            <file>file:/C:/Users/sharo/OneDrive/Documentos/NetBeansProjects/Tienda/src/tienda/Tienda.java</file>
            <file>file:/C:/Users/sharo/OneDrive/Documentos/NetBeansProjects/Tienda/src/tienda/servicios/ProductoService.java</file>
            <file>file:/C:/Users/sharo/OneDrive/Documentos/NetBeansProjects/Tienda/src/tienda/persistencia/fabricanteDAO.java</file>
            <file>file:/C:/Users/sharo/OneDrive/Documentos/NetBeansProjects/Tienda/src/tienda/persistencia/productoDAO.java</file>
        </group>
    </open-files>
</project-private>
