<?xml version="1.0" encoding="UTF-8"?>
<project-private xmlns="http://www.netbeans.org/ns/project-private/1">
    <editor-bookmarks xmlns="http://www.netbeans.org/ns/editor-bookmarks/2" lastBookmarkId="0"/>
    <open-files xmlns="http://www.netbeans.org/ns/projectui-open-files/2">
        <group>
            <file>file:/C:/Users/sharo/OneDrive/Documentos/NetBeansProjects/Herencia-Ej2/src/Entidades/Televisor.java</file>
            <file>file:/C:/Users/sharo/OneDrive/Documentos/NetBeansProjects/Herencia-Ej2/src/herencia/ej2/HerenciaEj2.java</file>
            <file>file:/C:/Users/sharo/OneDrive/Documentos/NetBeansProjects/Herencia-Ej2/src/Entidades/Lavadora.java</file>
            <file>file:/C:/Users/sharo/OneDrive/Documentos/NetBeansProjects/Herencia-Ej2/src/Servicio/ServicioTelevisor.java</file>
            <file>file:/C:/Users/sharo/OneDrive/Documentos/NetBeansProjects/Herencia-Ej2/src/Entidades/Electrodomestico.java</file>
            <file>file:/C:/Users/sharo/OneDrive/Documentos/NetBeansProjects/Herencia-Ej2/src/Servicio/ServicioElectrodomestico.java</file>
            <file>file:/C:/Users/sharo/OneDrive/Documentos/NetBeansProjects/Herencia-Ej2/src/Servicio/ServicioLavadora.java</file>
        </group>
    </open-files>
</project-private>
