<?xml version="1.0" encoding="UTF-8"?>
<project-private xmlns="http://www.netbeans.org/ns/project-private/1">
    <editor-bookmarks xmlns="http://www.netbeans.org/ns/editor-bookmarks/2" lastBookmarkId="0"/>
    <open-files xmlns="http://www.netbeans.org/ns/projectui-open-files/2">
        <group>
            <file>file:/C:/Users/sharo/OneDrive/Documentos/NetBeansProjects/Herencia-Extra1/src/Entidad/Velero.java</file>
            <file>file:/C:/Users/sharo/OneDrive/Documentos/NetBeansProjects/Herencia-Extra1/src/herencia/extra1/HerenciaExtra1.java</file>
            <file>file:/C:/Users/sharo/OneDrive/Documentos/NetBeansProjects/Herencia-Extra1/src/Servicio/ServicioVelero.java</file>
            <file>file:/C:/Users/sharo/OneDrive/Documentos/NetBeansProjects/Herencia-Extra1/src/Servicio/ServicioBarcoMotor.java</file>
            <file>file:/C:/Users/sharo/OneDrive/Documentos/NetBeansProjects/Herencia-Extra1/src/Entidad/Alquiler.java</file>
            <file>file:/C:/Users/sharo/OneDrive/Documentos/NetBeansProjects/Herencia-Extra1/src/Entidad/Yate.java</file>
            <file>file:/C:/Users/sharo/OneDrive/Documentos/NetBeansProjects/Herencia-Extra1/src/Entidad/BarcoMotor.java</file>
            <file>file:/C:/Users/sharo/OneDrive/Documentos/NetBeansProjects/Herencia-Extra1/src/Servicio/ServicioYate.java</file>
            <file>file:/C:/Users/sharo/OneDrive/Documentos/NetBeansProjects/Herencia-Extra1/src/Servicio/ServicioBarco.java</file>
        </group>
    </open-files>
</project-private>
